TA,EWL_model,EWL_PV
25,0.012734573,0.004
25,0.011211456,0.008
25,0.011995906,0.019
25,0.011017613,0.002
25,0.010920394,0.006
30,0.016518695,0.013
30,0.013559187,0.027
30,0.014917607,0.011
30,0.015190561,0.012
30,0.015267539,0.016
35,0.0207028,0.028
35,0.022258307,0.014
35,0.022358021,0.015
35,0.021937714,0.016
35,0.020546851,0.013
40,0.027781523,0.028
40,0.029696341,0.036
40,0.02422668,0.023
40,0.027477125,0.035
40,0.026925706,0.042